Option3Name,Option2Name,Title,Option1Name,ImageSrc,MultipleOptionValues2,MultipleOptionValues3,MultipleOptionValues1,Vendor,Type
Wheels,Colors,KM651 Slide,Size,http://wheelimages.kmcwheels.com/images/wheels/med/1309-561-00_wheelpros_km651-22x95-300.png,GLOSS BLACK W/ CLEAR COAT,"2,4,5,6","20"" x 8.5"",22"" x 9.5"",24"" x 9.5"",26"" x 10""",KMC Wheels,Rims
Wheels,Colors,KM677 D2,Size,http://wheelimages.kmcwheels.com/images/wheels/med/KMC_677_Chrome_300-Cloned41249523125.png,CHROME,"2,4,5,6","19"" x 8.5"",20"" x 8.5"",22"" x 9.5"",24"" x 9.5"",26"" x 9.5""",KMC Wheels,Rims
Wheels,Colors,KM775 Rockstar Car,Size,http://wheelimages.kmcwheels.com/images/wheels/med/KMC_775_MatteBlack_3001-Cloned412495252778.png,MATTE BLACK,"2,4,5,6","17"" x 7.5"",18"" x 8"",20"" x 10"",20"" x 8"",22"" x 8.5""",KMC Wheels,Rims
Wheels,Colors,KM651 Slide,Size,http://wheelimages.kmcwheels.com/images/wheels/med/1309-564-00_wheelpros_km651-22x95-300.png,CHROME,"2,4,5,6","20"" x 8.5"",22"" x 9.5"",24"" x 9.5"",26"" x 10""",KMC Wheels,Rims
Wheels,Colors,KM685 District,Size,http://wheelimages.kmcwheels.com/images/wheels/med/wheelpros_km685_20x105-1406-399-00_300.png,SILVER W/ MACHINED FACE,"2,4,5,6","18"" x 8"",19"" x 8.5"",19"" x 9.5"",20"" x 8.5"",22"" x 9""",KMC Wheels,Rims
Wheels,Colors,KM677 D2,Size,http://wheelimages.kmcwheels.com/images/wheels/med/KMC_677_GlossBlack_3001-Cloned41249523044.png,GLOSS BLACK,"2,4,5,6","19"" x 8.5"",20"" x 8.5"",22"" x 9.5"",24"" x 9.5"",26"" x 9.5""",KMC Wheels,Rims
Wheels,Colors,KM690 MC 5,Size,http://wheelimages.kmcwheels.com/images/wheels/med/km_kmc_6909_22x9-1411-008-00-3001.png,SATIN BLACK W/ MILLING,"2,4,5,6","20"" x 8.5"",22"" x 9"",24"" x 9.5"",26"" x 9.5""",KMC Wheels,Rims
Wheels,Colors,KM685 District,Size,http://wheelimages.kmcwheels.com/images/wheels/med/lorenzo_km-6855_20x105-1310-707-00-300.png,SATIN BLACK W/ MACHINED FACE,"2,4,5,6","18"" x 8"",19"" x 8.5"",19"" x 9.5"",20"" x 8.5"",22"" x 9""",KMC Wheels,Rims
Wheels,Colors,KM685 District,Size,http://wheelimages.kmcwheels.com/images/wheels/med/kmc_km685_22x105-1509-526-00-300.png,MATTE BRONZE,"2,4,5,6","18"" x 8"",19"" x 8.5"",19"" x 9.5"",20"" x 8.5"",22"" x 9""",KMC Wheels,Rims
Wheels,Colors,KM696 Pivot,Size,http://wheelimages.kmcwheels.com/images/wheels/med/kmc_km6966_20x9-1512-097-00-HR_edit-300.png,BRONZE,"2,4,5,6","20"" x 8.5"",20"" x 9.5"",22"" x 9.5""",KMC Wheels,Rims
Wheels,Colors,KM690 MC 5,Size,http://wheelimages.kmcwheels.com/images/wheels/med/kmc_km6904_24x9-1512-040-00-300_b.png,MATTE GRAY W/ MILLING,"2,4,5,6","20"" x 8.5"",22"" x 9"",24"" x 9.5"",26"" x 9.5""",KMC Wheels,Rims
Wheels,Colors,KM696 Pivot,Size,http://wheelimages.kmcwheels.com/images/wheels/med/kmc_km6967_20x9-1512-096-00-300.png,SATIN BLACK,"2,4,5,6","20"" x 8.5"",20"" x 9.5"",22"" x 9.5""",KMC Wheels,Rims
Wheels,Colors,KM697 Newton,Size,http://wheelimages.kmcwheels.com/images/wheels/med/kmc_km6976_20x9-1512-058-00-3001.png,GOLD,"2,4,5,6","18"" x 8"",20"" x 8.5"",20"" x 9""",KMC Wheels,Rims
Wheels,Colors,KM685 District,Size,http://wheelimages.kmcwheels.com/images/wheels/med/lorenzo_km-6857_20x105-1310-711-00-300.png,SATIN BLACK,"2,4,5,6","18"" x 8"",19"" x 8.5"",19"" x 9.5"",20"" x 8.5"",22"" x 9""",KMC Wheels,Rims
Wheels,Colors,KM697 Newton,Size,http://wheelimages.kmcwheels.com/images/wheels/med/kmc_km697_20x85-1512-090-00-300.png,SATIN BLACK W MACHINED FACE AND TINTED CLEAR,"2,4,5,6","18"" x 8"",20"" x 8.5"",20"" x 9""",KMC Wheels,Rims
Wheels,Colors,KM699,Size,http://wheelimages.kmcwheels.com/images/wheels/med/kmc_km6995_22x9-1603-385-00-300.png,SATIN BLACK W MACHINED FACE,"2,4,5,6","22"" x 9""",KMC Wheels,Rims
Wheels,Colors,XD775 Rockstar Dually,Size,http://wheelimages.kmcwheels.com/images/wheels/med/XD775_F_Chrome-300.png,DUALLY CHROME FRONT,"2,4,5,6","16"" x 6"",17"" x 6"",20"" x 8.5""",KMC Wheels,Rims
Wheels,Colors,XD775 Rockstar Dually,Size,http://wheelimages.kmcwheels.com/images/wheels/med/XD775_R-300.png,DUALLY MATTE BLACK REAR,"2,4,5,6","16"" x 6"",17"" x 6"",20"" x 8.5""",KMC Wheels,Rims
Wheels,Colors,XD130 Machete Dually,Size,http://wheelimages.kmcwheels.com/images/wheels/med/kmc_xd130r_20x825-1603-512-00-300.png,SATIN BLACK,"2,4,5,6","17"" x 6.5"",20"" x 7.5"",20"" x 8.3""",KMC Wheels,Rims
Wheels,Colors,XD815 Battalion,Size,http://wheelimages.kmcwheels.com/images/wheels/med/xd_xd8153_frt_17x6-1311-110-00-3002.png,DUALLY GLOSS BLACK W/ MILLED ACCENTS,"2,4,5,6","17"" x 6"",22"" x 8.3""",KMC Wheels,Rims
Wheels,Colors,XD130 Machete Dually,Size,http://wheelimages.kmcwheels.com/images/wheels/med/kmc_xd130f_20x825-1603-513-00-3001.png,MATTE GRAY W/ BLACK RING,"2,4,5,6","17"" x 6.5"",20"" x 7.5"",20"" x 8.3""",KMC Wheels,Rims
Wheels,Colors,XD404 Surge,Size,http://wheelimages.kmcwheels.com/images/wheels/med/xd_xd4041_20x12-1411-023-00-3001.png,HIGH LUSTER POLISHED,"2,4,5,6","22"" x 12"",24"" x 12"",24"" x 14""",KMC Wheels,Rims
Wheels,Colors,XD403 Chopstix,Size,http://wheelimages.kmcwheels.com/images/wheels/med/xd_xd4031_20x12-1411-025-00-3001.png,HIGH LUSTER POLISHED,"2,4,5,6","22"" x 12"",24"" x 12"",24"" x 14""",KMC Wheels,Rims
Wheels,Colors,XD401 Daisy Cutter,Size,http://wheelimages.kmcwheels.com/images/wheels/med/xd_xd4011_20x12-1411-021-00-3001.png,HIGH LUSTER POLISHED,"2,4,5,6","22"" x 12"",24"" x 12"",24"" x 14""",KMC Wheels,Rims
Wheels,Colors,XD222 Enduro Beadlock,Size,http://wheelimages.kmcwheels.com/images/wheels/med/XD222_17x8_Mach-3001.png,MACHINED,"2,4,5,6","17"" x 8"",17"" x 8.5""",KMC Wheels,Rims
Wheels,Colors,XD826 Surge,Size,http://wheelimages.kmcwheels.com/images/wheels/med/xd_xd826_22x12-1602-213-00-3001.png,GLOSS BLACK W MACHINED FACE,"2,4,5,6","20"" x 10"",20"" x 12"",22"" x 12""",KMC Wheels,Rims
Wheels,Colors,XD795 Hoss,Size,http://wheelimages.kmcwheels.com/images/wheels/med/1305-297-00_wheelpros-22x95-300.png,CHROME,"2,4,5,6","16"" x 8"",17"" x 9"",18"" x 9"",20"" x 9"",22"" x 9.5""",KMC Wheels,Rims
Wheels,Colors,XD125 Enduro,Size,http://wheelimages.kmcwheels.com/images/wheels/med/WheelPros_XD125_Flat-Black_6_Lug-300.png,MATTE BLK W/ MACH. BEAD RING,"2,4,5,6","17"" x 9"",18"" x 9"",20"" x 9""",KMC Wheels,Rims
Wheels,Colors,XD797 Spy,Size,http://wheelimages.kmcwheels.com/images/wheels/med/1305-295-00_wheelpros-20x85-300.png,CHROME,"2,4,5,6","17"" x 8"",17"" x 9"",18"" x 8.5"",18"" x 9"",20"" x 8.5"",20"" x 9""",KMC Wheels,Rims
Wheels,Colors,XD402 Syndicate,Size,http://wheelimages.kmcwheels.com/images/wheels/med/xd_xd402_20x12-1411-024-00-3001.png,HIGH LUSTER POLISHED,"2,4,5,6","22"" x 12"",24"" x 12"",24"" x 14""",KMC Wheels,Rims
Wheels,Colors,XD127 Bully,Size,http://wheelimages.kmcwheels.com/images/wheels/med/XD-127-GM-std-300.png,MATTE GRAY W/ BLACK RING,"2,4,5,6","15"" x 8"",16"" x 8"",17"" x 8.5"",17"" x 9"",18"" x 9"",20"" x 10"",20"" x 9""",KMC Wheels,Rims
Wheels,Colors,XD801 Crank,Size,http://wheelimages.kmcwheels.com/images/wheels/med/1305-273-00_wheelpros-20x9-300.png,MATTE BLACK MACHINED,"2,4,5,6","17"" x 9"",18"" x 9"",20"" x 9"",22"" x 11""",KMC Wheels,Rims
Wheels,Colors,XD796 Revolver,Size,http://wheelimages.kmcwheels.com/images/wheels/med/xd_796_17x11-1403-218-00-300.png,CHROME,"2,4,5,6","17"" x 9"",18"" x 9"",20"" x 10"",20"" x 9""",KMC Wheels,Rims
Wheels,Colors,XD229,Size,http://wheelimages.kmcwheels.com/images/wheels/med/xd_xd2295_17x9-1512-092-00-3001.png,MACHINED,"2,4,5,6","17"" x 9""",KMC Wheels,Rims
Wheels,Colors,XD809 Riot,Size,http://wheelimages.kmcwheels.com/images/wheels/med/xd_809_riot_20x10-1403-211-00-300.png,MATTE BLACK MACHINED,"2,4,5,6","18"" x 9"",20"" x 10"",20"" x 12"",20"" x 14"",20"" x 9"",22"" x 14""",KMC Wheels,Rims
Wheels,Colors,XD823 Trap,Size,http://wheelimages.kmcwheels.com/images/wheels/med/xd_xd8235_18x10-1411-010-00-3001.png,SATIN BLACK W/ MACHINED FACE,"2,4,5,6","18"" x 10"",18"" x 9"",20"" x 10"",20"" x 12"",20"" x 9"",22"" x 10""",KMC Wheels,Rims
Wheels,Colors,XD128 Machete,Size,http://wheelimages.kmcwheels.com/images/wheels/med/hXD1285-300.png,MACHINED FACE W/ BLACK RING,"2,4,5,6","16"" x 8"",17"" x 8.5"",17"" x 9"",18"" x 9"",20"" x 10"",20"" x 9""",KMC Wheels,Rims
Wheels,Colors,XD810 Brigade,Size,http://wheelimages.kmcwheels.com/images/wheels/med/1305-270-00_wheelpros-20x10-300.png,GLOSS BLACK MACHINED,"2,4,5,6","20"" x 10"",20"" x 9"",22"" x 10""",KMC Wheels,Rims
Wheels,Colors,XD826 Surge,Size,http://wheelimages.kmcwheels.com/images/wheels/med/kmc_xd826_22x12-1603-377-00-300.png,SATIN BLACK MILLED,"2,4,5,6","20"" x 10"",20"" x 12"",22"" x 12""",KMC Wheels,Rims
Wheels,Colors,XD823 Trap,Size,http://wheelimages.kmcwheels.com/images/wheels/med/xd_xd823_20x10-1506-323-00-300.png,PVD,"2,4,5,6","18"" x 10"",18"" x 9"",20"" x 10"",20"" x 12"",20"" x 9"",22"" x 10""",KMC Wheels,Rims
Wheels,Colors,XD122 Enduro,Size,http://wheelimages.kmcwheels.com/images/wheels/med/1305-341-00_wheelpros-15x7-300.png,MACHINED W/ CLEAR COAT,"2,4,5,6","15"" x 7"",15"" x 9"",16"" x 8"",16"" x 9"",17"" x 9"",18"" x 9""",KMC Wheels,Rims
Wheels,Colors,XD126 Enduro Pro,Size,http://wheelimages.kmcwheels.com/images/wheels/med/xd_xd126-79068712n_17x9-1504-180-00-300.png,SATIN BLACK,"2,4,5,6","15"" x 8"",16"" x 8"",17"" x 9"",18"" x 9"",20"" x 10"",20"" x 9""",KMC Wheels,Rims
Wheels,Colors,KM682 Spider,Size,http://wheelimages.kmcwheels.com/images/wheels/med/KM682-3001-Cloned416986739931.png,GLOSS BLACK MACHINED,"2,4,5,6","20"" x 8.5"",22"" x 9"",24"" x 9""",KMC Wheels,Rims
Wheels,Colors,KM686 Faction,Size,http://wheelimages.kmcwheels.com/images/wheels/med/kmc_km6867_22x95-1310-713-00-3001.png,SATIN BLACK W/ MACHINED FACE,"2,4,5,6","20"" x 9"",22"" x 9.5"",24"" x 9.5"",26"" x 9.5""",KMC Wheels,Rims
Wheels,Colors,XD300,Size,http://wheelimages.kmcwheels.com/images/wheels/med/xd_xd3007_17x9-1509-574-00_300.png,SATIN BLACK,"2,4,5,6","15"" x 7"",16"" x 8"",17"" x 8"",17"" x 9""",KMC Wheels,Rims
Wheels,Colors,XD301,Size,http://wheelimages.kmcwheels.com/images/wheels/med/xd_xd3017_17x85-1509-573-00_300.png,SATIN BLACK,"2,4,5,6","15"" x 8"",16"" x 8"",17"" x 8.5"",17"" x 9""",KMC Wheels,Rims
Wheels,Colors,XD809 Riot,Size,http://wheelimages.kmcwheels.com/images/wheels/med/1305-293-00_wheelpros-20x10-300.png,CHROME,"2,4,5,6","18"" x 9"",20"" x 10"",20"" x 12"",20"" x 14"",20"" x 9"",22"" x 14""",KMC Wheels,Rims
Wheels,Colors,XD811 RS2,Size,http://wheelimages.kmcwheels.com/images/wheels/med/wheelpros_xd811_rockstar_20x9-1407-425-00-300-Cloned418415718171.png,PVD WITH MATTE BLACK ACCENTS,"2,4,5,6","17"" x 8"",17"" x 9"",18"" x 9"",20"" x 12"",20"" x 9"",22"" x 12"",22"" x 9.5"",24"" x 12""",KMC Wheels,Rims
Wheels,Colors,XD798 Addict,Size,http://wheelimages.kmcwheels.com/images/wheels/med/1305-279-00_wheelpros-20x9-300.png,MATTE BLACK MACHINED,"2,4,5,6","16"" x 9"",17"" x 9"",18"" x 9"",20"" x 9""",KMC Wheels,Rims
Wheels,Colors,XD801 Crank,Size,http://wheelimages.kmcwheels.com/images/wheels/med/XD_Series_801_Chrome_3001.png,CHROME,"2,4,5,6","17"" x 9"",18"" x 9"",20"" x 9"",22"" x 11""",KMC Wheels,Rims
Wheels,Colors,XD126 Enduro Pro,Size,http://wheelimages.kmcwheels.com/images/wheels/med/xd_xd126_17x9-1505-244-00-300.png,MATTE GRAY W/ BLACK RING,"2,4,5,6","16"" x 8"",17"" x 8.5"",17"" x 9"",18"" x 8"",18"" x 9"",20"" x 10"",20"" x 12"",20"" x 9"",22"" x 10"",22"" x 12"",22"" x 9.5""",KMC Wheels,Rims
Wheels,Colors,XD813 Battalion,Size,http://wheelimages.kmcwheels.com/images/wheels/med/xd_813_18x10-1403-204-00-300.png,GLOSS BLACK MILLED,"2,4,5,6","17"" x 10"",17"" x 9"",18"" x 10"",18"" x 9"",20"" x 10"",20"" x 9""",KMC Wheels,Rims
Wheels,Colors,XD775 Rockstar,Size,http://wheelimages.kmcwheels.com/images/wheels/med/XD_Series_775_Chrome_3001-Cloned412495633681-Cloned412495635532.png,CHROME,"2,4,5,6","17"" x 8"",17"" x 9"",18"" x 9"",20"" x 10"",20"" x 12"",20"" x 8.5"",22"" x 12"",22"" x 9.5"",24"" x 12""",KMC Wheels,Rims
Wheels,Colors,XD807 Strike,Size,http://wheelimages.kmcwheels.com/images/wheels/med/1305-282-00_wheelpros-20x9-300.png,MATTE BLACK,"2,4,5,6","17"" x 9"",18"" x 10"",20"" x 10"",20"" x 9""",KMC Wheels,Rims
Wheels,Colors,XD808 Menace,Size,http://wheelimages.kmcwheels.com/images/wheels/med/1305-272-00_wheelpros-20x9-300.png,GLOSS BLACK W/ MILLED ACCENTS,"2,4,5,6","17"" x 9"",18"" x 9"",20"" x 10"",20"" x 9"",22"" x 9.5""",KMC Wheels,Rims
Wheels,Colors,XD775 Rockstar,Size,http://wheelimages.kmcwheels.com/images/wheels/med/XD_Series_775_MatteBlack_MachinedFace_300-Cloned412495637269-Cloned412495637731.png,MACHINED FACE W/ BLK WINDOWS,"2,4,5,6","17"" x 8"",17"" x 9"",18"" x 9"",20"" x 10"",20"" x 12"",20"" x 8.5"",22"" x 12"",22"" x 9.5"",24"" x 12""",KMC Wheels,Rims
Wheels,Colors,XD127 Bully,Size,http://wheelimages.kmcwheels.com/images/wheels/med/xd_xd127_17x9-156-279-00-300.png,SATIN BLACK,"2,4,5,6","15"" x 8"",16"" x 8"",17"" x 8.5"",17"" x 9"",18"" x 9"",20"" x 10"",20"" x 9""",KMC Wheels,Rims
Wheels,Colors,XD128 Machete,Size,http://wheelimages.kmcwheels.com/images/wheels/med/xd_xd128_17x9-1504-212-00-300.png,MATTE GRAY W/ BLACK RING,"2,4,5,6","16"" x 8"",17"" x 8.5"",17"" x 9"",18"" x 9"",20"" x 10"",20"" x 9""",KMC Wheels,Rims
Wheels,Colors,XD820 Grenade,Size,http://wheelimages.kmcwheels.com/images/wheels/med/xd_xd8205_1411-005-00-300.png,SATIN BLACK W/ MACHINED FACE,"2,4,5,6","16"" x 8"",17"" x 8.5"",17"" x 9"",18"" x 8"",18"" x 9"",20"" x 10"",20"" x 12"",20"" x 9"",22"" x 10"",22"" x 12"",22"" x 9.5""",KMC Wheels,Rims
Wheels,Colors,XD822 Monster II,Size,http://wheelimages.kmcwheels.com/images/wheels/med/xd_xd822_18x10-1501-058-00-300.png,PVD,"2,4,5,6","17"" x 9"",18"" x 10"",18"" x 9"",20"" x 10"",20"" x 9""",KMC Wheels,Rims
Wheels,Colors,XD795 Hoss,Size,http://wheelimages.kmcwheels.com/images/wheels/med/1305-265-00_wheelpros-20x9-300.png,GLOSS BLACK W/ MACHINED FACE,"2,4,5,6","16"" x 8"",17"" x 9"",18"" x 9"",20"" x 9"",22"" x 9.5""",KMC Wheels,Rims
Wheels,Colors,XD806 Bomb,Size,http://wheelimages.kmcwheels.com/images/wheels/med/XD_Series_806_GlossBlack_Milled_3001.png,GLOSS BLACK W/ MILLED ACCENTS,"2,4,5,6","18"" x 9"",20"" x 12"",20"" x 9"",22"" x 10"",22"" x 12""",KMC Wheels,Rims
Wheels,Colors,XD797 Spy,Size,http://wheelimages.kmcwheels.com/images/wheels/med/1305-262-00_wheelpros-20x85-300.png,GLOSS BLACK MACHINED,"2,4,5,6","17"" x 8"",17"" x 9"",18"" x 8.5"",18"" x 9"",20"" x 8.5"",20"" x 9""",KMC Wheels,Rims
Wheels,Colors,XD796 Revolver,Size,http://wheelimages.kmcwheels.com/images/wheels/med/1305-263-00_wheelpros-18x9-300.png,MATTE BLACK,"2,4,5,6","17"" x 9"",18"" x 9"",20"" x 10"",20"" x 9""",KMC Wheels,Rims
Wheels,Colors,XD128 Machete,Size,http://wheelimages.kmcwheels.com/images/wheels/med/xd_xd128-79068712n_17x9-1504-179-00-300.png,SATIN BLACK,"2,4,5,6","16"" x 8"",17"" x 8.5"",17"" x 9"",18"" x 9"",20"" x 10"",20"" x 9""",KMC Wheels,Rims
Wheels,Colors,XD779 Badlands,Size,http://wheelimages.kmcwheels.com/images/wheels/med/1305-291-00_wheelpros-20x9-300.png,CHROME,"2,4,5,6","18"" x 9"",20"" x 9"",22"" x 9.5""",KMC Wheels,Rims
Wheels,Colors,XD122 Enduro,Size,http://wheelimages.kmcwheels.com/images/wheels/med/XD_122_15x9_Matte_Black-300.png,MATTE BLACK,"2,4,5,6","15"" x 7"",15"" x 9"",16"" x 8"",16"" x 9"",17"" x 9"",18"" x 9""",KMC Wheels,Rims
Wheels,Colors,XD820 Grenade,Size,http://wheelimages.kmcwheels.com/images/wheels/med/xd_xd8203_20x12-1411-004-00-3001.png,SATIN BLACK,"2,4,5,6","16"" x 8"",17"" x 8.5"",17"" x 9"",18"" x 8"",18"" x 9"",20"" x 10"",20"" x 12"",20"" x 9"",22"" x 10"",22"" x 12"",22"" x 9.5""",KMC Wheels,Rims
Wheels,Colors,XD801 Crank,Size,http://wheelimages.kmcwheels.com/images/wheels/med/1305-267-00_wheelpros-20x9-300.png,MATTE BLACK,"2,4,5,6","17"" x 9"",18"" x 9"",20"" x 9"",22"" x 11""",KMC Wheels,Rims
Wheels,Colors,XD824 Bones,Size,http://wheelimages.kmcwheels.com/images/wheels/med/xd_xd8245_22x10-1512-060-00-300.png,GLOSS BLACK MACHINED,"2,4,5,6","20"" x 10"",20"" x 12"",20"" x 9"",22"" x 10""",KMC Wheels,Rims
Wheels,Colors,XD129,Size,http://wheelimages.kmcwheels.com/images/wheels/med/xd_xd1297_17x9-1512-062-00-3001.png,SATIN BLACK,"2,4,5,6","17"" x 8.5"",17"" x 9"",18"" x 9"",20"" x 10""",KMC Wheels,Rims
Wheels,Colors,XD811 RS2,Size,http://wheelimages.kmcwheels.com/images/wheels/med/WheelPros_XD811_Flat-Black-300.png,SATIN BLACK W ACCENTS,"2,4,5,6","17"" x 8"",17"" x 9"",18"" x 9"",20"" x 12"",20"" x 9"",22"" x 12"",22"" x 9.5"",24"" x 12""",KMC Wheels,Rims
Wheels,Colors,XD798 Addict,Size,http://wheelimages.kmcwheels.com/images/wheels/med/1305-278-00_wheelpros-20x9-300.png,MATTE BLACK,"2,4,5,6","16"" x 9"",17"" x 9"",18"" x 9"",20"" x 9""",KMC Wheels,Rims
Wheels,Colors,XD779 Badlands,Size,http://wheelimages.kmcwheels.com/images/wheels/med/xd_xd7793_20x9-1310-731-00-300.png,GLOSS BLACK MACHINED,"2,4,5,6","18"" x 9"",20"" x 9"",22"" x 9.5""",KMC Wheels,Rims
Wheels,Colors,XD818 Heist,Size,http://wheelimages.kmcwheels.com/images/wheels/med/wheelpros_xd8187_20x10-1131-185-00-3001.png,SATIN BLACK,"2,4,5,6","16"" x 8"",17"" x 8"",17"" x 9"",18"" x 8"",18"" x 9"",20"" x 10"",20"" x 12"",20"" x 9""",KMC Wheels,Rims
Wheels,Colors,XD778 Monster,Size,http://wheelimages.kmcwheels.com/images/wheels/med/XD_Series_778_MatteBlack_300-Cloned412017039815.png,MATTE BLACK,"2,4,5,6","18"" x 9"",20"" x 10"",20"" x 8.5"",20"" x 9"",22"" x 11"",22"" x 9.5"",24"" x 10"",24"" x 11""",KMC Wheels,Rims
Wheels,Colors,XD824 Bones,Size,http://wheelimages.kmcwheels.com/images/wheels/med/xd_xd824_22x10-1512-061-00-3001.png,SATIN BLACK MILLED,"2,4,5,6","20"" x 10"",20"" x 12"",20"" x 9"",22"" x 10""",KMC Wheels,Rims
Wheels,Colors,XD825 Buck 25,Size,http://wheelimages.kmcwheels.com/images/wheels/med/xd_xd8252_20x12-1509-575-00_300.png,GLOSS BLACK MILLED,"2,4,5,6","20"" x 10"",20"" x 12"",20"" x 14"",20"" x 9"",22"" x 10""",KMC Wheels,Rims
Wheels,Colors,XD822 Monster II,Size,http://wheelimages.kmcwheels.com/images/wheels/med/wheelpros_xd8227_20x10-1408-546-00_3003.png,MATTE BLACK,"2,4,5,6","17"" x 8"",17"" x 9"",18"" x 9"",20"" x 10"",20"" x 12"",20"" x 8.5"",22"" x 12"",22"" x 9.5"",24"" x 12""",KMC Wheels,Rims
Wheels,Colors,KM675 Splice,Size,http://wheelimages.kmcwheels.com/images/wheels/med/KMC_675_SatinBlack_Machined_3001-Cloned412495219213.png,SATIN BLACK W/ MACHINED FACE,"2,4,5,6","16"" x 7"",17"" x 7"",18"" x 7"",20"" x 8""",KMC Wheels,Rims
Wheels,Colors,XD775 Rockstar,Size,http://wheelimages.kmcwheels.com/images/wheels/med/XD_Series_775_MatteBlack_300-Cloned412495635995-Cloned412495636574.png,MATTE BLACK,"2,4,5,6","17"" x 8"",17"" x 9"",18"" x 9"",20"" x 10"",20"" x 12"",20"" x 8.5"",22"" x 12"",22"" x 9.5"",24"" x 12""",KMC Wheels,Rims
Wheels,Colors,XD778 Monster,Size,http://wheelimages.kmcwheels.com/images/wheels/med/XD_Series_778_Chrome_3001-Cloned412017039352.png,CHROME,"2,4,5,6","18"" x 9"",20"" x 10"",20"" x 8.5"",20"" x 9"",22"" x 11"",22"" x 9.5"",24"" x 10"",24"" x 11""",KMC Wheels,Rims
Wheels,Colors,KM695,Size,http://wheelimages.kmcwheels.com/images/wheels/med/kmc_km6959_24x95-1509-572-00_300.png,SATIN BLACK W MACHINED FACE AND TINTED CLEAR,"2,4,5,6","20"" x 8.5"",22"" x 9"",24"" x 9.5"",26"" x 9.5""",KMC Wheels,Rims
Wheels,Colors,KM695,Size,http://wheelimages.kmcwheels.com/images/wheels/med/kmc_km6957_24x95-1509-571-00_300.png,SATIN BLACK,"2,4,5,6","20"" x 8.5"",22"" x 9"",24"" x 9.5"",26"" x 9.5""",KMC Wheels,Rims
Wheels,Colors,XD800 Misfit,Size,http://wheelimages.kmcwheels.com/images/wheels/med/1305-289-00_wheelpros-20x9-300.png,MATTE BLACK,"2,4,5,6","17"" x 9"",18"" x 9"",20"" x 9"",22"" x 10""",KMC Wheels,Rims
Wheels,Colors,KM693 Maze,Size,http://wheelimages.kmcwheels.com/images/wheels/med/km_km693_20x85-1411-012-00-3001.png,PEARL GRAY,"2,4,5,6","17"" x 7"",18"" x 8"",20"" x 8.5""",KMC Wheels,Rims
Wheels,Colors,KM689 Skillet,Size,http://wheelimages.kmcwheels.com/images/wheels/med/kmc_km689_22x9-1507-342-00-3001.png,SATIN BLACK BRUSHED FACE,"2,4,5,6","22"" x 9"",24"" x 9.5""",KMC Wheels,Rims
Wheels,Colors,KM691 Spin,Size,http://wheelimages.kmcwheels.com/images/wheels/med/kmc_km6916_20x10-1411-002-00-300.png,MATTE BRONZE,"2,4,5,6","18"" x 8"",19"" x 8.5"",19"" x 9.5"",20"" x 10"",20"" x 8.5"",20"" x 9""",KMC Wheels,Rims
Wheels,Colors,KM689 Skillet,Size,http://wheelimages.kmcwheels.com/images/wheels/med/kmc_km689_22x9-1508-380-00-300.png,SATIN BLACK MILLED,"2,4,5,6","22"" x 9"",24"" x 9.5""",KMC Wheels,Rims
Wheels,Colors,KM693 Maze,Size,http://wheelimages.kmcwheels.com/images/wheels/med/km_km693_20x85-1411-019-00-300.png,PEARL GRAY W BRUSHED FACE,"2,4,5,6","17"" x 7"",18"" x 8"",20"" x 8.5""",KMC Wheels,Rims
Wheels,Colors,KM681 Nerve,Size,http://wheelimages.kmcwheels.com/images/wheels/med/KM_6813-300-Cloned412405649537.png,GLOSS BLACK MACHINED,"2,4,5,6","20"" x 8.5"",22"" x 9""",KMC Wheels,Rims
Wheels,Colors,XD818 Heist,Size,http://wheelimages.kmcwheels.com/images/wheels/med/xd_series_818-20x10-1409-620-00_3001.png,SATIN BLACK MILLED,"2,4,5,6","16"" x 8"",17"" x 8"",17"" x 9"",18"" x 8"",18"" x 9"",20"" x 10"",20"" x 12"",20"" x 9""",KMC Wheels,Rims
Wheels,Colors,XD795 Hoss,Size,http://wheelimages.kmcwheels.com/images/wheels/med/1305-264-00_wheelpros-20x9-300.png,GLOSS BLACK W/ CLEAR COAT,"2,4,5,6","16"" x 8"",17"" x 9"",18"" x 9"",20"" x 9"",22"" x 9.5""",KMC Wheels,Rims
Wheels,Colors,XD820 Grenade,Size,http://wheelimages.kmcwheels.com/images/wheels/med/xd_xd8209_20x12-1411-003-00-300.png,SATIN BLACK MILLED,"2,4,5,6","16"" x 8"",17"" x 8.5"",17"" x 9"",18"" x 8"",18"" x 9"",20"" x 10"",20"" x 12"",20"" x 9"",22"" x 10"",22"" x 12"",22"" x 9.5""",KMC Wheels,Rims
Wheels,Colors,XD810 Brigade,Size,http://wheelimages.kmcwheels.com/images/wheels/med/1305-275-00_wheelpros-20x9-300.png,SATIN BLACK,"2,4,5,6","20"" x 10"",20"" x 9"",22"" x 10""",KMC Wheels,Rims
Wheels,Colors,KM693 Maze,Size,http://wheelimages.kmcwheels.com/images/wheels/med/km_km693_20x85-1411-015-00-300.png,SATIN BLACK W MACHINED FACE AND TINTED CLEAR,"2,4,5,6","17"" x 7"",18"" x 8"",20"" x 8.5""",KMC Wheels,Rims
Wheels,Colors,KM693 Maze,Size,http://wheelimages.kmcwheels.com/images/wheels/med/kmc_km693_18x8-1506-321-00-300.png,SILVER W MACHINED FACE,"2,4,5,6","17"" x 7"",18"" x 8"",20"" x 8.5""",KMC Wheels,Rims
Wheels,Colors,KM693 Maze,Size,http://wheelimages.kmcwheels.com/images/wheels/med/kmc_km693_17x7-1506-320-00-300.png,PEARL GRAY W GLOSS BLACK FACE,"2,4,5,6","17"" x 7"",18"" x 8"",20"" x 8.5""",KMC Wheels,Rims
Wheels,Colors,KM691 Spin,Size,http://wheelimages.kmcwheels.com/images/wheels/med/km_km6914_20x10-1411-011-00-300.png,GUN METAL,"2,4,5,6","18"" x 8"",19"" x 8.5"",19"" x 9.5"",20"" x 10"",20"" x 8.5"",20"" x 9""",KMC Wheels,Rims
Wheels,Colors,KM694 Wishbone,Size,http://wheelimages.kmcwheels.com/images/wheels/med/kmc_km6947_20x9-1506-275-00-3001.png,SATIN BLACK,"2,4,5,6","18"" x 8"",20"" x 8.5"",20"" x 9.5""",KMC Wheels,Rims
Wheels,Colors,KM673 Skitch,Size,http://wheelimages.kmcwheels.com/images/wheels/med/KMC_673_Chrome_3001.png,CHROME,"2,4,5,6","18"" x 8"",20"" x 8.5"",22"" x 9"",24"" x 9.5""",KMC Wheels,Rims
Wheels,Colors,KM673 Skitch,Size,http://wheelimages.kmcwheels.com/images/wheels/med/KMC_673_Satin_Black_300.png,SATIN BLACK,"2,4,5,6","18"" x 8"",20"" x 8.5"",22"" x 9"",24"" x 9.5""",KMC Wheels,Rims
Wheels,Colors,KM690 MC 5,Size,http://wheelimages.kmcwheels.com/images/wheels/med/kmc_km690_24x95-1509-502-00-300.png,CHROME,"2,4,5,6","20"" x 8.5"",22"" x 9"",24"" x 9.5"",26"" x 9.5""",KMC Wheels,Rims
Wheels,Colors,KM699,Size,http://wheelimages.kmcwheels.com/images/wheels/med/kmc_km699_22x9-1602-208-00-300.png,SATIN BLACK,"2,4,5,6","22"" x 9""",KMC Wheels,Rims
Wheels,Colors,KM691 Spin,Size,http://wheelimages.kmcwheels.com/images/wheels/med/km_km691_20x10-1411-017-00-3001.png,SATIN BLACK,"2,4,5,6","18"" x 8"",19"" x 8.5"",19"" x 9.5"",20"" x 10"",20"" x 8.5"",20"" x 9""",KMC Wheels,Rims
